Log start on,2023-04-16 17:18:01
Feature,MEMS Sensor Fusion (Compact)
Nodes,TileBOX @323356, 
Date,HostTimestamp (ms),NodeName,NodeTimestamp,RawData,qi,qj,qk,qs,
16/04/2023 17:18:01.838,36,TileBOX @323356,69452,,-0.7057,-0.1332,-0.6855,0.11972901,
16/04/2023 17:18:01.907,105,TileBOX @323356,69460,6DE4CBFA3BE56CE4C8FA3DE56BE4C7FA3EE5,-0.7059,-0.1333,-0.6853,0.11958331,
16/04/2023 17:18:01.917,115,TileBOX @323356,69460,,-0.706,-0.1336,-0.6851,0.11980416,
16/04/2023 17:18:01.927,125,TileBOX @323356,69460,,-0.7061,-0.1337,-0.685,0.119675234,
16/04/2023 17:18:01.953,151,TileBOX @323356,69467,6AE4C6FA3FE569E4C4FA3FE568E4C4FA40E5,-0.7062,-0.1338,-0.6849,0.11954567,
16/04/2023 17:18:01.963,161,TileBOX @323356,69467,,-0.7063,-0.134,-0.6849,0.11872767,
16/04/2023 17:18:01.974,172,TileBOX @323356,69467,,-0.7064,-0.134,-0.6848,0.118709594,
16/04/2023 17:18:02.042,240,TileBOX @323356,69475,66E4C1FA42E565E4C0FA43E564E4C0FA44E5,-0.7066,-0.1343,-0.6846,0.118333176,
16/04/2023 17:18:02.053,251,TileBOX @323356,69475,,-0.7067,-0.1344,-0.6845,0.11820088,
16/04/2023 17:18:02.062,260,TileBOX @323356,69475,,-0.7068,-0.1344,-0.6844,0.11818222,
16/04/2023 17:18:02.087,285,TileBOX @323356,69482,63E4C0FA45E562E4BFFA46E561E4BDFA47E5,-0.7069,-0.1344,-0.6843,0.1181633,
16/04/2023 17:18:02.098,296,TileBOX @323356,69482,,-0.707,-0.1345,-0.6842,0.118030064,
16/04/2023 17:18:02.107,305,TileBOX @323356,69482,,-0.7071,-0.1347,-0.6841,0.11778261,
16/04/2023 17:18:02.132,330,TileBOX @323356,69490,61E4BDFA47E55FE4BCFA49E55FE4BCFA49E5,-0.7071,-0.1347,-0.6841,0.11778261,
16/04/2023 17:18:02.142,340,TileBOX @323356,69490,,-0.7073,-0.1348,-0.6839,0.117628664,
16/04/2023 17:18:02.153,351,TileBOX @323356,69490,,-0.7073,-0.1348,-0.6839,0.117628664,
16/04/2023 17:18:02.222,420,TileBOX @323356,69497,5FE4BCFA49E560E4BBFA48E55EE4BAFA4AE5,-0.7073,-0.1348,-0.6839,0.117628664,
16/04/2023 17:18:02.232,430,TileBOX @323356,69497,,-0.7072,-0.1349,-0.684,0.11753336,
16/04/2023 17:18:02.242,440,TileBOX @323356,69497,,-0.7074,-0.135,-0.6838,0.11737884,
16/04/2023 17:18:02.267,465,TileBOX @323356,69505,5DE4B9FA4BE55CE4BAFA4CE55BE4BBFA4DE5,-0.7075,-0.1351,-0.6837,0.11724344,
16/04/2023 17:18:02.277,475,TileBOX @323356,69505,,-0.7076,-0.135,-0.6836,0.11733846,
16/04/2023 17:18:02.288,486,TileBOX @323356,69505,,-0.7077,-0.1349,-0.6835,0.11743291,
16/04/2023 17:18:02.359,557,TileBOX @323356,69512,5AE4B8FA4EE559E4B7FA50E558E4B7FA50E5,-0.7078,-0.1352,-0.6834,0.11706689,
16/04/2023 17:18:02.369,567,TileBOX @323356,69512,,-0.7079,-0.1353,-0.6832,0.11751282,
16/04/2023 17:18:02.380,578,TileBOX @323356,69512,,-0.708,-0.1353,-0.6832,0.11690869,
16/04/2023 17:18:02.402,600,TileBOX @323356,69520,56E4B6FA52E555E4B7FA53E553E4B8FA56E5,-0.7082,-0.1354,-0.683,0.116750285,
16/04/2023 17:18:02.413,611,TileBOX @323356,69520,,-0.7083,-0.1353,-0.6829,0.116844185,
16/04/2023 17:18:02.424,622,TileBOX @323356,69520,,-0.7085,-0.1352,-0.6826,0.11749837,
16/04/2023 17:18:02.449,647,TileBOX @323356,69527,53E4BAFA55E551E4BCFA57E54FE4B4FA5BE5,-0.7085,-0.135,-0.6827,0.117146805,
16/04/2023 17:18:02.462,660,TileBOX @323356,69527,,-0.7087,-0.1348,-0.6825,0.11733313,
16/04/2023 17:18:02.469,667,TileBOX @323356,69527,,-0.7089,-0.1356,-0.6821,0.117528796,
16/04/2023 17:18:02.540,738,TileBOX @323356,69535,4DE4ADFA61E546E4B2FA68E540E4AEFA72E5,-0.7091,-0.1363,-0.6815,0.11898393,
16/04/2023 17:18:02.551,749,TileBOX @323356,69535,,-0.7098,-0.1358,-0.6808,0.11938851,
16/04/2023 17:18:02.560,758,TileBOX @323356,69535,,-0.7104,-0.1362,-0.6798,0.12105141,
16/04/2023 17:18:02.583,781,TileBOX @323356,69542,3CE4A5FA7AE537E4A8FA80E536E4A9FA82E5,-0.7108,-0.1371,-0.679,0.122171834,
16/04/2023 17:18:02.594,792,TileBOX @323356,69542,,-0.7113,-0.1368,-0.6784,0.122928865,
16/04/2023 17:18:02.603,801,TileBOX @323356,69542,,-0.7114,-0.1367,-0.6782,0.12356362,
16/04/2023 17:18:02.674,872,TileBOX @323356,69550,34E4A3FA84E52CE4A0FA8DE525E49DFA95E5,-0.7116,-0.1373,-0.678,0.12284204,
16/04/2023 17:18:02.684,882,TileBOX @323356,69550,,-0.7124,-0.1376,-0.6771,0.12283355,
16/04/2023 17:18:02.696,894,TileBOX @323356,69550,,-0.7131,-0.1379,-0.6763,0.12284253,
16/04/2023 17:18:02.720,918,TileBOX @323356,69557,1EE49BFA9DE512E485FAB3E50AE47CFAC0E5,-0.7138,-0.1381,-0.6755,0.12295383,
16/04/2023 17:18:02.730,928,TileBOX @323356,69557,,-0.715,-0.1403,-0.6733,0.12553102,
16/04/2023 17:18:02.741,939,TileBOX @323356,69557,,-0.7158,-0.1412,-0.672,0.12692095,
16/04/2023 17:18:02.764,962,TileBOX @323356,69565,FEE35CFADAE5E7E34CFAF8E5D2E342FA14E6,-0.717,-0.1444,-0.6694,0.13024324,
16/04/2023 17:18:02.774,972,TileBOX @323356,69565,,-0.7193,-0.146,-0.6664,0.13115874,
16/04/2023 17:18:02.784,982,TileBOX @323356,69565,,-0.7214,-0.147,-0.6636,0.13269532,
16/04/2023 17:18:02.855,1053,TileBOX @323356,69572,CAE355FA20E6BEE369FA2DE6A9E3BBFA29E6,-0.7222,-0.1451,-0.6624,0.13637958,
16/04/2023 17:18:02.865,1063,TileBOX @323356,69572,,-0.7234,-0.1431,-0.6611,0.1384258,
16/04/2023 17:18:02.876,1074,TileBOX @323356,69572,,-0.7255,-0.1349,-0.6615,0.13367675,
16/04/2023 17:18:02.898,1096,TileBOX @323356,69580,99E30BFB24E68AE33BFB2BE67CE34AFB3FE6,-0.7271,-0.1269,-0.662,0.1302993,
16/04/2023 17:18:02.909,1107,TileBOX @323356,69580,,-0.7286,-0.1221,-0.6613,0.13006121,
16/04/2023 17:18:02.921,1119,TileBOX @323356,69580,,-0.73,-0.1206,-0.6593,0.13371263,
16/04/2023 17:18:02.945,1143,TileBOX @323356,69587,6AE347FB57E64BE338FB7EE638E30FFBA2E6,-0.7318,-0.1209,-0.6569,0.13540432,
16/04/2023 17:18:02.956,1154,TileBOX @323356,69587,,-0.7349,-0.1224,-0.653,0.13612959,
16/04/2023 17:18:02.967,1165,TileBOX @323356,69587,,-0.7368,-0.1265,-0.6494,0.13929501,
16/04/2023 17:18:03.033,1231,TileBOX @323356,69595,0EE3E5FAD5E6F0E2ACFA08E7B4E2AEFA3CE7,-0.741,-0.1307,-0.6443,0.13679938,
16/04/2023 17:18:03.044,1242,TileBOX @323356,69595,,-0.744,-0.1364,-0.6392,0.1388613,
16/04/2023 17:18:03.054,1252,TileBOX @323356,69595,,-0.75,-0.1362,-0.634,0.1303592,
16/04/2023 17:18:03.078,1276,TileBOX @323356,69602,8EE2A8FA63E74DE2D8FA94E721E2BFFAC7E7,-0.7538,-0.1368,-0.6301,0.12667017,
16/04/2023 17:18:03.098,1296,TileBOX @323356,69602,,-0.7647,-0.1345,-0.6201,0.11233706,
16/04/2023 17:18:03.097,1295,TileBOX @323356,69602,,-0.7603,-0.132,-0.6252,0.11681153,
16/04/2023 17:18:03.170,1368,TileBOX @323356,69610,EEE1D2FAF7E7B0E1E4FA33E87BE1EBFA6DE8,-0.7698,-0.1326,-0.6153,0.105976716,
16/04/2023 17:18:03.180,1378,TileBOX @323356,69610,,-0.776,-0.1308,-0.6093,0.09730803,
16/04/2023 17:18:03.192,1390,TileBOX @323356,69610,,-0.7813,-0.1301,-0.6035,0.09182609,
16/04/2023 17:18:03.214,1412,TileBOX @323356,69617,48E10BFB9FE818E1F1FAE2E8E5E0EBFA21E9,-0.7864,-0.1269,-0.5985,0.08525892,
16/04/2023 17:18:03.226,1424,TileBOX @323356,69617,,-0.7912,-0.1295,-0.5918,0.08369645,
16/04/2023 17:18:03.235,1433,TileBOX @323356,69617,,-0.7963,-0.1301,-0.5855,0.078549564,
16/04/2023 17:18:03.262,1460,TileBOX @323356,69625,BBE0BCFA64E990E0A1FAA5E969E069FAEAE9,-0.8005,-0.1348,-0.5788,0.07758411,
16/04/2023 17:18:03.273,1471,TileBOX @323356,69625,,-0.8048,-0.1375,-0.5723,0.07657302,
16/04/2023 17:18:03.283,1481,TileBOX @323356,69625,,-0.8087,-0.1431,-0.5654,0.0764819,
16/04/2023 17:18:03.350,1548,TileBOX @323356,69632,42E02FFA33EA25E0D7F97CEA00E090F9C9EA,-0.8126,-0.1489,-0.5581,0.077681236,
16/04/2023 17:18:03.367,1565,TileBOX @323356,69632,,-0.8155,-0.1577,-0.5508,0.08191346,
16/04/2023 17:18:03.371,1569,TileBOX @323356,69632,,-0.8192,-0.1648,-0.5431,0.08243064,
16/04/2023 17:18:03.394,1592,TileBOX @323356,69640,E9DF38F90DEBD4DFF6F84BEBC6DFB2F880EB,-0.8215,-0.1736,-0.5363,0.08592501,
16/04/2023 17:18:03.404,1602,TileBOX @323356,69640,,-0.8236,-0.1802,-0.5301,0.09058177,
16/04/2023 17:18:03.415,1613,TileBOX @323356,69640,,-0.825,-0.187,-0.5248,0.0948209,
16/04/2023 17:18:03.483,1681,TileBOX @323356,69647,BBDF4EF8C3EBB2DF19F8ECEBAADFDDF71CEC,-0.8261,-0.197,-0.5181,0.10159829,
16/04/2023 17:18:03.494,1692,TileBOX @323356,69647,,-0.827,-0.2023,-0.514,0.10464096,
16/04/2023 17:18:03.504,1702,TileBOX @323356,69647,,-0.8278,-0.2083,-0.5092,0.10988037,
16/04/2023 17:18:03.528,1726,TileBOX @323356,69655,A1DFC0F73BEC96DF8CF769EC84DF7DF788EC,-0.8287,-0.2112,-0.5061,0.11186437,
16/04/2023 17:18:03.538,1736,TileBOX @323356,69655,,-0.8298,-0.2164,-0.5015,0.11445848,
16/04/2023 17:18:03.549,1747,TileBOX @323356,69655,,-0.8316,-0.2179,-0.4984,0.11206453,
16/04/2023 17:18:03.573,1771,TileBOX @323356,69662,78DF72F79FEC60DF81F7B4EC4CDF76F7D4EC,-0.8328,-0.219,-0.4961,0.11121161,
16/04/2023 17:18:03.584,1782,TileBOX @323356,69662,,-0.8352,-0.2175,-0.494,0.10535057,
16/04/2023 17:18:03.593,1791,TileBOX @323356,69662,,-0.8372,-0.2186,-0.4908,0.10210567,
16/04/2023 17:18:03.665,1863,TileBOX @323356,69670,2EDF8BF7EFEC18DFA1F7FFECFDDEC3F713ED,-0.8402,-0.2165,-0.4881,0.09460473,
16/04/2023 17:18:03.677,1875,TileBOX @323356,69670,,-0.8424,-0.2143,-0.4865,0.088065416,
16/04/2023 17:18:03.685,1883,TileBOX @323356,69670,,-0.8451,-0.2109,-0.4845,0.08115978,
16/04/2023 17:18:03.711,1909,TileBOX @323356,69677,E3DECAF735EDD0DECEF754EDB8DEDDF771ED,-0.8477,-0.2102,-0.4811,0.07591792,
16/04/2023 17:18:03.721,1919,TileBOX @323356,69677,,-0.8496,-0.2098,-0.478,0.07536436,
16/04/2023 17:18:03.732,1930,TileBOX @323356,69677,,-0.852,-0.2083,-0.4751,0.070619546,
16/04/2023 17:18:03.800,1998,TileBOX @323356,69685,A6DECDF79AED95DEC7F7BEED87DEB2F7E3ED,-0.8538,-0.2099,-0.471,0.07159983,
16/04/2023 17:18:03.810,2008,TileBOX @323356,69685,,-0.8555,-0.2105,-0.4674,0.073121235,
16/04/2023 17:18:03.821,2019,TileBOX @323356,69685,,-0.8569,-0.2126,-0.4637,0.07420269,
16/04/2023 17:18:03.851,2049,TileBOX @323356,69692,73DEA4F710EE62DE8FF739EE54DE81F75DEE,-0.8589,-0.214,-0.4592,0.07503423,
16/04/2023 17:18:03.862,2060,TileBOX @323356,69692,,-0.8606,-0.2161,-0.4551,0.0745145,
16/04/2023 17:18:03.877,2075,TileBOX @323356,69692,,-0.862,-0.2175,-0.4515,0.076141745,
16/04/2023 17:18:03.932,2130,TileBOX @323356,69700,44DE74F782EE32DE58F7B6EE20DE44F7E5EE,-0.8636,-0.2188,-0.4478,0.07613626,
16/04/2023 17:18:03.943,2141,TileBOX @323356,69700,,-0.8654,-0.2216,-0.4426,0.07798411,
16/04/2023 17:18:03.954,2152,TileBOX @323356,69700,,-0.8672,-0.2236,-0.4379,0.07880828,
16/04/2023 17:18:03.979,2177,TileBOX @323356,69707,18DE45F7F4EE10DE3FF70CEFFFDD25F73EEF,-0.868,-0.2235,-0.4364,0.0786057,
16/04/2023 17:18:03.990,2188,TileBOX @323356,69707,,-0.8688,-0.2241,-0.434,0.08130066,
16/04/2023 17:18:03.999,2197,TileBOX @323356,69707,,-0.8705,-0.2267,-0.429,0.08243643,
16/04/2023 17:18:04.024,2222,TileBOX @323356,69715,FADD15F755EFF7DDFFF66EEF00DEC4F68FEF,-0.871,-0.2283,-0.4267,0.08464747,
16/04/2023 17:18:04.035,2233,TileBOX @323356,69715,,-0.8713,-0.2305,-0.4242,0.08809316,
16/04/2023 17:18:04.045,2243,TileBOX @323356,69715,,-0.8704,-0.2364,-0.4209,0.09675764,
16/04/2023 17:18:04.114,2312,TileBOX @323356,69722,FBDDA6F6B2EFFBDD6CF6E7EFFADD5CF6FEEF,-0.8709,-0.2394,-0.4174,0.09999041,
16/04/2023 17:18:04.125,2323,TileBOX @323356,69722,,-0.8709,-0.2452,-0.4121,0.107628085,
16/04/2023 17:18:04.135,2333,TileBOX @323356,69722,,-0.871,-0.2468,-0.4098,0.11186037,
16/04/2023 17:18:04.159,2357,TileBOX @323356,69730,E7DD6FF61AF0E8DD32F653F0DCDD3DF66BF0,-0.8729,-0.2449,-0.407,0.11144772,
16/04/2023 17:18:04.170,2368,TileBOX @323356,69730,,-0.8728,-0.251,-0.4013,0.11906906,
16/04/2023 17:18:04.179,2377,TileBOX @323356,69730,,-0.874,-0.2499,-0.3989,0.12063487,
16/04/2023 17:18:04.248,2446,TileBOX @323356,69737,D3DD4CF67AF0D7DD49F682F0CBDD55F69DF0,-0.8749,-0.2484,-0.3974,0.12215036,
16/04/2023 17:18:04.259,2457,TileBOX @323356,69737,,-0.8745,-0.2487,-0.3966,0.1269118,
16/04/2023 17:18:04.268,2466,TileBOX @323356,69737,,-0.8757,-0.2475,-0.3939,0.12936804,
16/04/2023 17:18:04.293,2491,TileBOX @323356,69745,CEDD59F6A5F0CFDD55F6B1F0CDDD55F6BBF0,-0.8754,-0.2471,-0.3931,0.13449468,
16/04/2023 17:18:04.304,2502,TileBOX @323356,69745,,-0.8753,-0.2475,-0.3919,0.13786986,
16/04/2023 17:18:04.314,2512,TileBOX @323356,69745,,-0.8755,-0.2475,-0.3909,0.13942973,
16/04/2023 17:18:04.385,2583,TileBOX @323356,69752,CFDD5EF6B7F0CCDD60F6ADF0C6DD59F6BFF0,-0.8753,-0.2466,-0.3913,0.1411477,
16/04/2023 17:18:04.395,2593,TileBOX @323356,69752,,-0.8756,-0.2464,-0.3923,0.13679329,
16/04/2023 17:18:04.406,2604,TileBOX @323356,69752,,-0.8762,-0.2471,-0.3905,0.13683881,
16/04/2023 17:18:04.430,2628,TileBOX @323356,69760,BFDD54F6C0F0BADD63F6B9F0AADD6DF6C8F0,-0.8769,-0.2476,-0.3904,0.13163754,
16/04/2023 17:18:04.440,2638,TileBOX @323356,69760,,-0.8774,-0.2461,-0.3911,0.12901486,
16/04/2023 17:18:04.451,2649,TileBOX @323356,69760,,-0.879,-0.2451,-0.3896,0.1244861,
16/04/2023 17:18:04.518,2716,TileBOX @323356,69767,A2DD6FF6C6F08EDD86F6D5F07FDD91F6E5F0,-0.8798,-0.2449,-0.3898,0.11845627,
16/04/2023 17:18:04.529,2727,TileBOX @323356,69767,,-0.8818,-0.2426,-0.3883,0.11312434,
16/04/2023 17:18:04.538,2736,TileBOX @323356,69767,,-0.8833,-0.2415,-0.3867,0.10918765,
16/04/2023 17:18:04.562,2760,TileBOX @323356,69775,71DD9CF6F7F061DDA6F60BF15EDD98F621F1,-0.8847,-0.2404,-0.3849,0.10661009,
16/04/2023 17:18:04.574,2772,TileBOX @323356,69775,,-0.8863,-0.2394,-0.3829,0.10270082,
16/04/2023 17:18:04.584,2782,TileBOX @323356,69775,,-0.8866,-0.2408,-0.3807,0.10499182,
16/04/2023 17:18:04.610,2808,TileBOX @323356,69782,53DD9BF63AF158DD81F655F15FDD7AF65BF1,-0.8877,-0.2405,-0.3782,0.105419286,
16/04/2023 17:18:04.621,2819,TileBOX @323356,69782,,-0.8872,-0.2431,-0.3755,0.113041066,
16/04/2023 17:18:04.631,2829,TileBOX @323356,69782,,-0.8865,-0.2438,-0.3749,0.11886665,
16/04/2023 17:18:04.700,2898,TileBOX @323356,69790,72DD65F662F17CDD4AF674F198DD29F678F1,-0.8846,-0.2459,-0.3742,0.13034731,
16/04/2023 17:18:04.710,2908,TileBOX @323356,69790,,-0.8836,-0.2486,-0.3724,0.13699378,
16/04/2023 17:18:04.721,2919,TileBOX @323356,69790,,-0.8808,-0.2519,-0.372,0.14951177,
16/04/2023 17:18:04.745,2943,TileBOX @323356,69797,ACDD16F681F1C1DDF4F591F1DDDDD7F595F1,-0.8788,-0.2538,-0.3711,0.15994044,
16/04/2023 17:18:04.755,2953,TileBOX @323356,69797,,-0.8767,-0.2572,-0.3695,0.16945505,
16/04/2023 17:18:04.766,2964,TileBOX @323356,69797,,-0.8739,-0.2601,-0.3691,0.18003331,
16/04/2023 17:18:04.834,3032,TileBOX @323356,69805,ECDDC0F59CF1F8DDA7F5AEF1F7DDA1F5B3F1,-0.8724,-0.2624,-0.3684,0.18532653,
16/04/2023 17:18:04.844,3042,TileBOX @323356,69805,,-0.8712,-0.2649,-0.3666,0.19090018,
16/04/2023 17:18:04.854,3052,TileBOX @323356,69805,,-0.8713,-0.2655,-0.3661,0.19056986,
16/04/2023 17:18:04.880,3078,TileBOX @323356,69812,FADD94F5C1F1F0DD9BF5C8F1F3DD98F5C6F1,-0.871,-0.2668,-0.3647,0.19279692,
16/04/2023 17:18:04.901,3099,TileBOX @323356,69812,,-0.872,-0.2661,-0.364,0.19055407,
16/04/2023 17:18:04.910,3108,TileBOX @323356,69812,,-0.8717,-0.2664,-0.3642,0.19112422,
16/04/2023 17:18:04.926,3124,TileBOX @323356,69820,EFDDA1F5C4F1EADDA0F5CBF1E7DDABF5CAF1,-0.8721,-0.2655,-0.3644,0.1901683,
16/04/2023 17:18:04.938,3136,TileBOX @323356,69820,,-0.8726,-0.2656,-0.3637,0.18907174,
16/04/2023 17:18:04.947,3145,TileBOX @323356,69820,,-0.8729,-0.2645,-0.3638,0.18903674,
16/04/2023 17:18:05.014,3212,TileBOX @323356,69827,E0DDB7F5D0F1D8DDC7F5D8F1D2DDD2F5D8F1,-0.8736,-0.2633,-0.3632,0.18863162,
16/04/2023 17:18:05.024,3222,TileBOX @323356,69827,,-0.8744,-0.2617,-0.3624,0.18869007,
16/04/2023 17:18:05.035,3233,TileBOX @323356,69827,,-0.875,-0.2606,-0.3624,0.18742703,
16/04/2023 17:18:05.103,3301,TileBOX @323356,69835,CBDDDFF5DBF1C5DDEAF5E1F1BFDDE7F5E6F1,-0.8757,-0.2593,-0.3621,0.18653846,
16/04/2023 17:18:05.126,3324,TileBOX @323356,69835,,-0.8769,-0.2585,-0.361,0.184128,
16/04/2023 17:18:05.126,3324,TileBOX @323356,69835,,-0.8763,-0.2582,-0.3615,0.18641044,
16/04/2023 17:18:05.149,3347,TileBOX @323356,69842,B0DD01F6F3F1A4DD0BF605F29FDD09F608F2,-0.8784,-0.2559,-0.3597,0.18315153,
16/04/2023 17:18:05.160,3358,TileBOX @323356,69842,,-0.8796,-0.2549,-0.3579,0.18231143,
16/04/2023 17:18:05.170,3368,TileBOX @323356,69842,,-0.8801,-0.2551,-0.3576,0.18019497,
16/04/2023 17:18:05.194,3392,TileBOX @323356,69850,9CDD11F608F298DD12F60BF294DD13F60AF2,-0.8804,-0.2543,-0.3576,0.1798599,
16/04/2023 17:18:05.205,3403,TileBOX @323356,69850,,-0.8808,-0.2542,-0.3573,0.17863488,
16/04/2023 17:18:05.214,3412,TileBOX @323356,69850,,-0.8812,-0.2541,-0.3574,0.17659268,
16/04/2023 17:18:05.284,3482,TileBOX @323356,69857,85DD20F621F277DD26F63AF274DD29F639F2,-0.8827,-0.2528,-0.3551,0.17560416,
16/04/2023 17:18:05.294,3492,TileBOX @323356,69857,,-0.8841,-0.2522,-0.3526,0.17445791,
16/04/2023 17:18:05.306,3504,TileBOX @323356,69857,,-0.8844,-0.2519,-0.3527,0.17316388,
16/04/2023 17:18:05.328,3526,TileBOX @323356,69865,73DD2EF634F270DD2EF634F270DD2CF632F2,-0.8845,-0.2514,-0.3532,0.17235862,
16/04/2023 17:18:05.339,3537,TileBOX @323356,69865,,-0.8848,-0.2514,-0.3532,0.17081192,
16/04/2023 17:18:05.348,3546,TileBOX @323356,69865,,-0.8848,-0.2516,-0.3534,0.17010225,
16/04/2023 17:18:05.372,3570,TileBOX @323356,69872,72DD2EF62AF273DD28F62AF271DD2BF628F2,-0.8846,-0.2514,-0.3542,0.16977413,
16/04/2023 17:18:05.383,3581,TileBOX @323356,69872,,-0.8845,-0.252,-0.3542,0.1694051,
16/04/2023 17:18:05.394,3592,TileBOX @323356,69872,,-0.8847,-0.2517,-0.3544,0.16838537,
16/04/2023 17:18:05.465,3663,TileBOX @323356,69880,72DD2DF62AF26FDD27F631F26CDD29F63AF2,-0.8846,-0.2515,-0.3542,0.16962591,
16/04/2023 17:18:05.475,3673,TileBOX @323356,69880,,-0.8849,-0.2521,-0.3535,0.16862784,
16/04/2023 17:18:05.485,3683,TileBOX @323356,69880,,-0.8852,-0.2519,-0.3526,0.16923507,
16/04/2023 17:18:05.508,3706,TileBOX @323356,69887,6DDD2CF636F268DD2EF642F266DD2DF64DF2,-0.8851,-0.2516,-0.353,0.1693706,
16/04/2023 17:18:05.518,3716,TileBOX @323356,69887,,-0.8856,-0.2514,-0.3518,0.1695507,
16/04/2023 17:18:05.530,3728,TileBOX @323356,69887,,-0.8858,-0.2515,-0.3507,0.17063299,
16/04/2023 17:18:05.600,3798,TileBOX @323356,69895,60DD34F65AF25ADD3DF664F253DD49F66EF2,-0.8864,-0.2508,-0.3494,0.17121343,
16/04/2023 17:18:05.611,3809,TileBOX @323356,69895,,-0.887,-0.2499,-0.3484,0.17145973,
16/04/2023 17:18:05.620,3818,TileBOX @323356,69895,,-0.8877,-0.2487,-0.3474,0.17161071,
16/04/2023 17:18:05.644,3842,TileBOX @323356,69902,4CDD49F67AF248DD48F67FF23BDD56F694F2,-0.8884,-0.2487,-0.3462,0.17040911,
16/04/2023 17:18:05.654,3852,TileBOX @323356,69902,,-0.8888,-0.2488,-0.3457,0.16918787,
16/04/2023 17:18:05.664,3862,TileBOX @323356,69902,,-0.8901,-0.2474,-0.3436,0.16868404,
16/04/2023 17:18:05.689,3887,TileBOX @323356,69910,30DD4FF6ADF22ADD53F6B6F222DD4FF6C6F2,-0.8912,-0.2481,-0.3411,0.16691239,
16/04/2023 17:18:05.700,3898,TileBOX @323356,69910,,-0.8918,-0.2477,-0.3402,0.16613676,
16/04/2023 17:18:05.709,3907,TileBOX @323356,69910,,-0.8926,-0.2481,-0.3386,0.16450441,
16/04/2023 17:18:05.780,3978,TileBOX @323356,69917,1ADD4DF6D4F20BDD52F6E8F2FBDC62F6F8F2,-0.8934,-0.2483,-0.3372,0.16272573,
16/04/2023 17:18:05.791,3989,TileBOX @323356,69917,,-0.8949,-0.2478,-0.3352,0.15934268,
16/04/2023 17:18:05.800,3998,TileBOX @323356,69917,,-0.8965,-0.2462,-0.3336,0.1561548,
16/04/2023 17:18:05.823,4021,TileBOX @323356,69925,D9DC97F60EF3C8DCAEF619F3A2DCF8F626F3,-0.8999,-0.2409,-0.3314,0.1494027,
16/04/2023 17:18:05.834,4032,TileBOX @323356,69925,,-0.9016,-0.2386,-0.3303,0.14522202,
16/04/2023 17:18:05.853,4051,TileBOX @323356,69925,,-0.9054,-0.2312,-0.329,0.13622193,
16/04/2023 17:18:05.914,4112,TileBOX @323356,69932,83DC36F72BF35BDC9AF726F339DCE9F729F3,-0.9085,-0.225,-0.3285,0.12684815,
16/04/2023 17:18:05.925,4123,TileBOX @323356,69932,,-0.9125,-0.215,-0.329,0.113479964,
16/04/2023 17:18:05.942,4140,TileBOX @323356,69932,,-0.9159,-0.2071,-0.3287,0.10096093,
16/04/2023 17:18:05.958,4156,TileBOX @323356,69940,17DC5FF808F3FCDBB6F8F9F2E8DB55F9ADF2,-0.9193,-0.1953,-0.332,0.08075521,
16/04/2023 17:18:05.970,4168,TileBOX @323356,69940,,-0.922,-0.1866,-0.3335,0.062242933,
16/04/2023 17:18:05.981,4179,TileBOX @323356,69940,,-0.924,-0.1707,-0.3411,0.027133679,
16/04/2023 17:18:06.050,4248,TileBOX @323356,69947,D6DBC8F99EF22424A705A60D0F241605F00D,-0.9258,-0.1592,-0.3426,0.013224221,
16/04/2023 17:18:06.062,4260,TileBOX @323356,69947,,0.9252,0.1447,0.3494,0.03140886,
16/04/2023 17:18:06.072,4270,TileBOX @323356,69947,,0.9231,0.1302,0.3568,0.060234,
16/04/2023 17:18:06.093,4291,TileBOX @323356,69955,F5237504410ED9231304610ECD23D903710E,0.9205,0.1141,0.3649,0.08067841,
16/04/2023 17:18:06.103,4301,TileBOX @323356,69955,,0.9177,0.1043,0.3681,0.107007705,
16/04/2023 17:18:06.114,4312,TileBOX @323356,69955,,0.9165,0.0985,0.3697,0.11682224,
16/04/2023 17:18:06.139,4337,TileBOX @323356,69962,99233103DA0E8023F202090F6E23B4021F0F,0.9113,0.0817,0.3802,0.13529731,
16/04/2023 17:18:06.149,4347,TileBOX @323356,69962,,0.9088,0.0754,0.3849,0.14230049,
16/04/2023 17:18:06.159,4357,TileBOX @323356,69962,,0.907,0.0692,0.3871,0.15071803,
16/04/2023 17:18:06.230,4428,TileBOX @323356,69970,6523B002410F4B2383027A0F5923F8028C0F,0.9061,0.0688,0.3905,0.14750984,
16/04/2023 17:18:06.241,4439,TileBOX @323356,69970,,0.9035,0.0643,0.3962,0.15026236,
16/04/2023 17:18:06.251,4449,TileBOX @323356,69970,,0.9049,0.076,0.398,0.13029197,
16/04/2023 17:18:06.273,4471,TileBOX @323356,69977,4623D002A50F16237302101044232C03DE0F,0.903,0.072,0.4005,0.13786489,
16/04/2023 17:18:06.284,4482,TileBOX @323356,69977,,0.8982,0.0627,0.4112,0.1421974,
16/04/2023 17:18:06.295,4493,TileBOX @323356,69977,,0.9028,0.0812,0.4062,0.1155866,
16/04/2023 17:18:06.364,4562,TileBOX @323356,69985,40230F03FA0FFB229D029910EA229702C610,0.9024,0.0783,0.409,0.11073547,
16/04/2023 17:18:06.375,4573,TileBOX @323356,69985,,0.8955,0.0669,0.4249,0.11429849,
16/04/2023 17:18:06.386,4584,TileBOX @323356,69985,,0.8938,0.0663,0.4294,0.1110923,
16/04/2023 17:18:06.409,4607,TileBOX @323356,69992,E3226702DE10CF2251020C11BE2250023711,0.8931,0.0615,0.4318,0.11017642,
16/04/2023 17:18:06.420,4618,TileBOX @323356,69992,,0.8911,0.0593,0.4364,0.10945018,
16/04/2023 17:18:06.429,4627,TileBOX @323356,69992,,0.8894,0.0592,0.4407,0.10604953,
16/04/2023 17:18:06.498,4696,TileBOX @323356,70000,A52224026C1193221002961186221702BA11,0.8869,0.0548,0.446,0.10718802,
16/04/2023 17:18:06.508,4706,TileBOX @323356,70000,,0.8851,0.0528,0.4502,0.10549926,
16/04/2023 17:18:06.518,4716,TileBOX @323356,70000,,0.8838,0.0535,0.4538,0.100502945,
16/04/2023 17:18:06.550,4748,TileBOX @323356,70007,7122FA01E7116622F80101124E22D6013412,0.8817,0.0506,0.4583,0.10002945,
16/04/2023 17:18:06.561,4759,TileBOX @323356,70007,,0.8806,0.0504,0.4609,0.09785046,
16/04/2023 17:18:06.571,4769,TileBOX @323356,70007,,0.8782,0.047,0.466,0.096952416,
16/04/2023 17:18:06.589,4787,TileBOX @323356,70015,3B22B3015C122E22C3017A121722C701B012,0.8763,0.0435,0.47,0.096467994,
16/04/2023 17:18:06.599,4797,TileBOX @323356,70015,,0.875,0.0451,0.473,0.09280106,
16/04/2023 17:18:06.609,4807,TileBOX @323356,70015,,0.8727,0.0455,0.4784,0.086359546,
16/04/2023 17:18:06.726,4924,TileBOX @323356,70022,1F220502AF120C221902DF12EB21F0012313,0.8735,0.0517,0.4783,0.0745249,
16/04/2023 17:18:06.730,4928,TileBOX @323356,70030,DA21ED014D13C021F9018213A521F501B613,0.8666,0.0493,0.4941,0.049387664,
16/04/2023 17:18:06.737,4935,TileBOX @323356,70022,,0.8716,0.0537,0.4831,0.06359383,
16/04/2023 17:18:06.740,4938,TileBOX @323356,70030,,0.864,0.0505,0.4994,0.039413404,
16/04/2023 17:18:06.747,4945,TileBOX @323356,70022,,0.8683,0.0496,0.4899,0.059940375,
16/04/2023 17:18:06.750,4948,TileBOX @323356,70030,,0.8613,0.0501,0.5046,0.032111686,
16/04/2023 17:18:06.814,5012,TileBOX @323356,70037,8621D601F0135B21E9013A144121F2016514,0.8582,0.047,0.5104,0.027849158,
16/04/2023 17:18:06.824,5022,TileBOX @323356,70037,,0.8539,0.0489,0.5178,0.018622026,
16/04/2023 17:18:06.840,5038,TileBOX @323356,70037,,0.8513,0.0498,0.5221,0.014828403,
16/04/2023 17:18:06.858,5056,TileBOX @323356,70045,1521F201AD141DDF14FE04EB4FDF27FEB5EA,0.8469,0.0498,0.5293,0.011043147,
16/04/2023 17:18:06.868,5066,TileBOX @323356,70045,,-0.8419,-0.0492,-0.5372,0.014139094,
16/04/2023 17:18:06.884,5082,TileBOX @323356,70045,,-0.8369,-0.0473,-0.5451,0.015071605,
16/04/2023 17:18:06.903,5101,TileBOX @323356,70052,7CDF22FE71EAB0DF3FFE22EAE0DF5FFED9E9,-0.8324,-0.0478,-0.5519,0.015223103,
16/04/2023 17:18:06.914,5112,TileBOX @323356,70052,,-0.8272,-0.0449,-0.5598,0.0186572,
16/04/2023 17:18:06.924,5122,TileBOX @323356,70052,,-0.8224,-0.0417,-0.5671,0.017803863,
16/04/2023 17:18:06.995,5193,TileBOX @323356,70060,10E079FE94E936E080FE5FE94DE075FE44E9,-0.8176,-0.0391,-0.574,0.022921931,
16/04/2023 17:18:07.005,5203,TileBOX @323356,70060,,-0.8138,-0.0384,-0.5793,0.025816645,
16/04/2023 17:18:07.017,5215,TileBOX @323356,70060,,-0.8115,-0.0395,-0.582,0.034401312,
16/04/2023 17:18:07.038,5236,TileBOX @323356,70067,74E082FE10E99BE082FEDCE8A6E057FED9E8,-0.8076,-0.0382,-0.5872,0.038976192,
16/04/2023 17:18:07.049,5247,TileBOX @323356,70067,,-0.8037,-0.0382,-0.5924,0.040857647,
16/04/2023 17:18:07.059,5257,TileBOX @323356,70067,,-0.8026,-0.0425,-0.5927,0.052283727,
16/04/2023 17:18:07.176,5374,TileBOX @323356,70075,BCE02BFEC5E8F7E069FE73E829E1B4FE31E8,-0.8004,-0.0469,-0.5947,0.059094135,
16/04/2023 17:18:07.178,5376,TileBOX @323356,70082,3EE166FE22E870E163FEE9E7A3E1C2FEA6E7,-0.7874,-0.041,-0.611,0.07070517,
16/04/2023 17:18:07.186,5384,TileBOX @323356,70075,,-0.7945,-0.0407,-0.6029,0.060206782,
16/04/2023 17:18:07.188,5386,TileBOX @323356,70082,,-0.7824,-0.0413,-0.6167,0.07632587,
16/04/2023 17:18:07.198,5396,TileBOX @323356,70082,,-0.7773,-0.0318,-0.6234,0.07852338,
16/04/2023 17:18:07.197,5395,TileBOX @323356,70075,,-0.7895,-0.0332,-0.6095,0.064009555,
16/04/2023 17:18:07.224,5422,TileBOX @323356,70090,D6E1F9FE67E7F3E1CAFE4CE70DE2C1FE2EE7,-0.7722,-0.0263,-0.6297,0.08058157,
16/04/2023 17:18:07.234,5432,TileBOX @323356,70090,,-0.7693,-0.031,-0.6324,0.08536268,
16/04/2023 17:18:07.244,5442,TileBOX @323356,70090,,-0.7667,-0.0319,-0.6354,0.08614117,
16/04/2023 17:18:07.309,5507,TileBOX @323356,70097,42E221FFEDE654E24EFFD6E65FE241FFCCE6,-0.7614,-0.0223,-0.6419,0.08796113,
16/04/2023 17:18:07.320,5518,TileBOX @323356,70097,,-0.7596,-0.0178,-0.6442,0.087734506,
16/04/2023 17:18:07.330,5528,TileBOX @323356,70097,,-0.7585,-0.0191,-0.6452,0.08960992,
16/04/2023 17:18:07.353,5551,TileBOX @323356,70105,5FE252FFCDE66DE27BFFBBE666E27DFFC3E6,-0.7585,-0.0174,-0.6451,0.0906699,
16/04/2023 17:18:07.374,5572,TileBOX @323356,70105,,-0.7578,-0.0131,-0.6461,0.09012427,
16/04/2023 17:18:07.371,5569,TileBOX @323356,70105,,-0.7571,-0.0133,-0.6469,0.09023894,
16/04/2023 17:18:07.444,5642,TileBOX @323356,70112,5FE270FFCAE64FE271FFD9E643E267FFE7E6,-0.7585,-0.0144,-0.6454,0.08904676,
16/04/2023 17:18:07.454,5652,TileBOX @323356,70112,,-0.7601,-0.0143,-0.6439,0.08623419,
16/04/2023 17:18:07.466,5664,TileBOX @323356,70112,,-0.7613,-0.0153,-0.6425,0.08591808,
16/04/2023 17:18:07.490,5688,TileBOX @323356,70120,21E24BFF0CE70FE260FF1EE7E4E153FF4DE7,-0.7647,-0.0181,-0.6388,0.08270928,
16/04/2023 17:18:07.501,5699,TileBOX @323356,70120,,-0.7665,-0.016,-0.637,0.080328576,
16/04/2023 17:18:07.512,5710,TileBOX @323356,70120,,-0.7708,-0.0173,-0.6323,0.07592656,
16/04/2023 17:18:07.551,5749,TileBOX @323356,70127,BBE133FF7CE77EE124FFC2E753E127FFF2E7,-0.7749,-0.0205,-0.6276,0.07230438,
16/04/2023 17:18:07.561,5759,TileBOX @323356,70127,,-0.781,-0.022,-0.6206,0.06641253,
16/04/2023 17:18:07.571,5769,TileBOX @323356,70127,,-0.7853,-0.0217,-0.6158,0.060194403,
16/04/2023 17:18:07.622,5820,TileBOX @323356,70135,09E11AFF4CE8C8E0FAFE9DE87AE0EFFE01E9,-0.7927,-0.023,-0.6068,0.05377249,
16/04/2023 17:18:07.632,5830,TileBOX @323356,70135,,-0.7992,-0.0262,-0.5987,0.046381578,
16/04/2023 17:18:07.643,5841,TileBOX @323356,70135,,-0.807,-0.0273,-0.5887,0.037921257,
16/04/2023 17:18:07.669,5867,TileBOX @323356,70142,48E0FEFE3EE920E04EFF70E919208C004016,-0.812,-0.0258,-0.5826,0.023824673,
16/04/2023 17:18:07.680,5878,TileBOX @323356,70142,,-0.816,-0.0178,-0.5776,0.014331699,
16/04/2023 17:18:07.689,5887,TileBOX @323356,70142,,0.8217,0.014,0.5696,0.013001491,
16/04/2023 17:18:07.759,5957,TileBOX @323356,70150,2320F0FF2916352091FF0116FC1F01FF4216,0.8227,-0.0016,0.5673,0.036506984,
16/04/2023 17:18:07.771,5969,TileBOX @323356,70150,,0.8245,-0.0111,0.5633,0.05262689,
16/04/2023 17:18:07.780,5978,TileBOX @323356,70150,,0.8188,-0.0255,0.5698,0.0651485,
16/04/2023 17:18:07.804,6002,TileBOX @323356,70157,172019FF1316112090FF2B16C91FEDFE7A16,0.8215,-0.0231,0.5651,0.0725681,
16/04/2023 17:18:07.815,6013,TileBOX @323356,70157,,0.8209,-0.0112,0.5675,0.06278118,
16/04/2023 17:18:07.827,6025,TileBOX @323356,70157,,0.8137,-0.0275,0.5754,0.07778744,
16/04/2023 17:18:07.893,6091,TileBOX @323356,70165,B71F47FFA116B21FAFFFB416901FCEFFE716,0.8119,-0.0185,0.5793,0.069911234,
16/04/2023 17:18:07.904,6102,TileBOX @323356,70165,,0.8114,-0.0081,0.5812,0.06140804,
16/04/2023 17:18:07.913,6111,TileBOX @323356,70165,,0.808,-0.005,0.5863,0.05799355,
16/04/2023 17:18:07.938,6136,TileBOX @323356,70172,7A1F0D000C175E1F220034173F1F4F006017,0.8058,0.0013,0.59,0.050839905,
16/04/2023 17:18:07.948,6146,TileBOX @323356,70172,,0.803,0.0034,0.594,0.048410077,
16/04/2023 17:18:07.959,6157,TileBOX @323356,70172,,0.7999,0.0079,0.5984,0.04488869,
16/04/2023 17:18:07.985,6183,TileBOX @323356,70180,231F76008717081F9A00AE17F41ED700CA17,0.7971,0.0118,0.6023,0.041558444,
16/04/2023 17:18:07.996,6194,TileBOX @323356,70180,,0.7944,0.0154,0.6062,0.034829207,
16/04/2023 17:18:08.005,6203,TileBOX @323356,70180,,0.7924,0.0215,0.609,0.027550055,
16/04/2023 17:18:08.074,6272,TileBOX @323356,70187,D31EDD00F517B71EF8001A18A51E34013018,0.7891,0.0221,0.6133,0.026378488,
16/04/2023 17:18:08.087,6285,TileBOX @323356,70187,,0.7863,0.0248,0.617,0.020694429,
16/04/2023 17:18:08.095,6293,TileBOX @323356,70187,,0.7845,0.0308,0.6192,0.014227346,
16/04/2023 17:18:08.120,6318,TileBOX @323356,70195,871E3D0156189BE19DFE82E7C3E15FFE56E7,0.7815,0.0317,0.623,0.011129172,
16/04/2023 17:18:08.133,6331,TileBOX @323356,70195,,-0.7781,-0.0355,-0.627,0.013083751,
16/04/2023 17:18:08.140,6338,TileBOX @323356,70195,,-0.7741,-0.0417,-0.6314,0.019086739,
16/04/2023 17:18:08.164,6362,TileBOX @323356,70202,E3E147FE32E70DE2EBFD0CE735E2B9FDE6E6,-0.7709,-0.0441,-0.635,0.023312554,
16/04/2023 17:18:08.175,6373,TileBOX @323356,70202,,-0.7667,-0.0533,-0.6388,0.0355625,
16/04/2023 17:18:08.184,6382,TileBOX @323356,70202,,-0.7627,-0.0583,-0.6426,0.044215746,
16/04/2023 17:18:08.256,6454,TileBOX @323356,70210,58E28AFDC7E682E256FDA5E6A0E259FD87E6,-0.7592,-0.063,-0.6457,0.0521336,
16/04/2023 17:18:08.267,6465,TileBOX @323356,70210,,-0.755,-0.0682,-0.6491,0.06318999,
16/04/2023 17:18:08.276,6474,TileBOX @323356,70210,,-0.752,-0.0679,-0.6521,0.06819963,
16/04/2023 17:18:08.298,6496,TileBOX @323356,70217,C5E233FD6AE6E2E226FD53E6F8E21CFD44E6,-0.7483,-0.0717,-0.655,0.076688915,
16/04/2023 17:18:08.309,6507,TileBOX @323356,70217,,-0.7454,-0.073,-0.6573,0.08370499,
16/04/2023 17:18:08.318,6516,TileBOX @323356,70217,,-0.7432,-0.074,-0.6588,0.09033467,
16/04/2023 17:18:08.389,6587,TileBOX @323356,70225,05E30AFD3DE616E316FD30E624E332FD23E6,-0.7419,-0.0758,-0.6595,0.094331846,
16/04/2023 17:18:08.401,6599,TileBOX @323356,70225,,-0.7402,-0.0746,-0.6608,0.09940931,
16/04/2023 17:18:08.419,6617,TileBOX @323356,70225,,-0.7388,-0.0718,-0.6621,0.10316437,
16/04/2023 17:18:08.435,6633,TileBOX @323356,70232,3EE31EFD0FE656E33CFDF2E565E378FDDBE5,-0.7362,-0.0738,-0.6641,0.10739801,
16/04/2023 17:18:08.445,6643,TileBOX @323356,70232,,-0.7338,-0.0708,-0.667,0.107869826,
16/04/2023 17:18:08.455,6653,TileBOX @323356,70232,,-0.7323,-0.0648,-0.6693,0.107587926,
16/04/2023 17:18:08.524,6722,TileBOX @323356,70240,69E3EBFDBFE58AE306FE9DE598E350FE83E5,-0.7319,-0.0533,-0.6721,0.09880851,
16/04/2023 17:18:08.534,6732,TileBOX @323356,70240,,-0.7286,-0.0506,-0.6755,0.101397455,
16/04/2023 17:18:08.544,6742,TileBOX @323356,70240,,-0.7272,-0.0432,-0.6781,0.097439334,
16/04/2023 17:18:08.569,6767,TileBOX @323356,70247,A7E39CFE65E5B9E39EFE4FE5C3E3C8FE3FE5,-0.7257,-0.0356,-0.6811,0.090525486,
16/04/2023 17:18:08.580,6778,TileBOX @323356,70247,,-0.7239,-0.0354,-0.6833,0.08841195,
16/04/2023 17:18:08.589,6787,TileBOX @323356,70247,,-0.7229,-0.0312,-0.6849,0.08575629,
16/04/2023 17:18:08.613,6811,TileBOX @323356,70255,C8E39EFE3CE5C6E3EBFE34E5B8E32BFF3AE5,-0.7224,-0.0354,-0.6852,0.085941665,
16/04/2023 17:18:08.625,6823,TileBOX @323356,70255,,-0.7226,-0.0277,-0.686,0.08053533,
16/04/2023 17:18:08.636,6834,TileBOX @323356,70255,,-0.724,-0.0213,-0.6854,0.07481427,
16/04/2023 17:18:08.704,6902,TileBOX @323356,70262,C1E3E9FE36E5C1E3F4FE35E5B1E346FF3EE5,-0.7231,-0.0279,-0.6858,0.077629045,
16/04/2023 17:18:08.715,6913,TileBOX @323356,70262,,-0.7231,-0.0268,-0.6859,0.07713221,
16/04/2023 17:18:08.726,6924,TileBOX @323356,70262,,-0.7247,-0.0186,-0.685,0.072381005,
16/04/2023 17:18:08.750,6948,TileBOX @323356,70270,AEE36CFF3FE5AEE368FF3FE5ADE37FFF3FE5,-0.725,-0.0148,-0.6849,0.0711895,
16/04/2023 17:18:08.761,6959,TileBOX @323356,70270,,-0.725,-0.0152,-0.6849,0.071104884,
16/04/2023 17:18:08.771,6969,TileBOX @323356,70270,,-0.7251,-0.0129,-0.6849,0.070537634,
16/04/2023 17:18:08.839,7037,TileBOX @323356,70277,ACE39EFF3EE5AEE3C7FF3CE5AEE3D2FF3DE5,-0.7252,-0.0098,-0.685,0.06902145,
16/04/2023 17:18:08.849,7047,TileBOX @323356,70277,,-0.725,-0.0057,-0.6852,0.06959507,
16/04/2023 17:18:08.861,7059,TileBOX @323356,70277,,-0.725,-0.0046,-0.6851,0.070652455,
16/04/2023 17:18:08.884,7082,TileBOX @323356,70285,AFE3E7FF3CE5B1E3FFFF3AE5B4E30C0039E5,-0.7249,-0.0025,-0.6852,0.07081425,
16/04/2023 17:18:08.895,7093,TileBOX @323356,70285,,-0.7247,-1.0E-4,-0.6854,0.070970215,
16/04/2023 17:18:08.908,7106,TileBOX @323356,70285,,-0.7244,0.0012,-0.6855,0.07302703,
16/04/2023 17:18:08.929,7127,TileBOX @323356,70292,B7E3200036E5BAE3340034E5BBE3460034E5,-0.7241,0.0032,-0.6858,0.07312531,
16/04/2023 17:18:08.939,7137,TileBOX @323356,70292,,-0.7238,0.0052,-0.686,0.074098185,
16/04/2023 17:18:08.950,7148,TileBOX @323356,70292,,-0.7237,0.007,-0.686,0.07492214,
16/04/2023 17:18:09.019,7217,TileBOX @323356,70300,BEE35E0032E5C2E365002FE5C3E36A002FE5,-0.7234,0.0094,-0.6862,0.0757206,
16/04/2023 17:18:09.030,7228,TileBOX @323356,70300,,-0.723,0.0101,-0.6865,0.07672544,
16/04/2023 17:18:09.039,7237,TileBOX @323356,70300,,-0.7229,0.0106,-0.6865,0.07759525,
16/04/2023 17:18:09.062,7260,TileBOX @323356,70307,C8E34E0029E5CBE3350024E5CEE311001FE5,-0.7224,0.0078,-0.6871,0.07727195,
16/04/2023 17:18:09.073,7271,TileBOX @323356,70307,,-0.7221,0.0053,-0.6876,0.075826794,
16/04/2023 17:18:09.082,7280,TileBOX @323356,70307,,-0.7218,0.0017,-0.6881,0.07429861,
16/04/2023 17:18:09.108,7306,TileBOX @323356,70315,D0E3EFFF1BE5D5E39FFF12E5D9E34EFF0BE5,-0.7216,-0.0017,-0.6885,0.0725147,
16/04/2023 17:18:09.118,7316,TileBOX @323356,70315,,-0.7211,-0.0097,-0.6894,0.068178646,
16/04/2023 17:18:09.128,7326,TileBOX @323356,70315,,-0.7207,-0.0178,-0.6901,0.06353381,
